IdCFC;NúmeroSala;Capacidade
0036580122;1;1
0003400122;1;10
0007780122;1;10
0009400122;1;10
0012910122;1;10
0013390122;1;10
0014080122;1;10
0014500122;1;10
0015520122;1;10
0016810122;1;10
0019390122;1;10
0019750122;1;10
0021220122;1;10
0021580122;1;10
0021700122;1;10
0022000122;1;10
0027160122;1;10
0028510122;1;10
0028600122;1;10
0028630122;1;10
0029290122;1;10
0000161641;1;12
0000100703;1;15
0026830703;1;15
0000370710;1;15
0000700710;1;15
0000880710;1;15
0000970850;1;15
0002140864;1;15
0000100871;1;15
0000520899;1;15
0000760913;1;15
0000130934;1;15
0000521046;1;15
0000041067;1;15
0000041074;1;15
0000941074;1;15
0000071081;1;15
0001061088;1;15
0000341130;1;15
0000401151;1;15
0000071186;1;15
0000161186;1;15
0000221186;1;15
0000251235;1;15
0000341277;1;15
0000131298;1;15
0000131445;1;15
0108701466;1;15
0000971515;1;15
0051071515;1;15
0051191515;1;15
0000161529;1;15
0000071543;1;15
0000281564;1;15
0001631662;1;15
0001241690;1;15
0001601753;1;15
0000311767;1;15
0001151774;1;15
0000131928;1;15
0000191935;1;15
0000191970;1;15
0000881970;1;15
0001662033;1;15
0000252082;1;15
0000762082;1;15
0000162187;1;15
0000012243;1;15
0000042306;1;15
0005892306;1;15
0000222313;1;15
0000310003;1;15
0000970003;1;15
0000280024;1;15
0000610031;1;15
0001030031;1;15
0001060031;1;15
0001240031;1;15
0001360031;1;15
0003340045;1;15
0003370045;1;15
0003520045;1;15
0003790045;1;15
0003820045;1;15
0004450045;1;15
0000700066;1;15
0001300073;1;15
0000070087;1;15
0001900087;1;15
0000700108;1;15
0000910108;1;15
0010360122;1;15
0020290122;1;15
0023320122;1;15
0024220122;1;15
0038920122;1;15
0039190122;1;15
0039610122;1;15
0042280122;1;15
0042670122;1;15
0000460136;1;15
0001030136;1;15
0001720136;1;15
0001840136;1;15
0003880157;1;15
0000910164;1;15
0001210164;1;15
0001360164;1;15
0000940171;1;15
0000280192;1;15
0000070213;1;15
0000640234;1;15
0000910276;1;15
0000130297;1;15
0000160325;1;15
0000100346;1;15
0000190367;1;15
0000400367;1;15
0000280374;1;15
0000520381;1;15
0000640416;1;15
0000400423;1;15
0000460423;1;15
0000520444;1;15
0000070465;1;15
0000100465;1;15
0000250465;1;15
0000220500;1;15
0002500535;1;15
0003580535;1;15
0000250584;1;15
0000220591;1;15
0000250640;1;15
0001540661;1;15
0000280682;1;15
0004150045;1;16
0000280080;1;16
0001690101;1;16
0002170101;1;16
0000220115;1;16
0002140115;1;16
0000550122;1;16
0003250122;1;16
0004060122;1;16
0026560122;1;16
0030700122;1;16
0036730122;1;16
0039280122;1;16
0040600122;1;16
0040810122;1;16
0042430122;1;16
0001750129;1;16
0003610157;1;16
0000160276;1;16
0000520346;1;16
0002470535;1;16
0003100535;1;16
0000040584;1;16
0000400626;1;16
0000160640;1;16
0001120661;1;16
0000130682;1;16
0000250794;1;16
0001150850;1;16
0002110864;1;16
0000070899;1;16
0001090920;1;16
0000791018;1;16
0005831018;1;16
0009491018;1;16
0000221032;1;16
0002831081;1;16
0006011116;1;16
0000191557;1;16
0000551557;1;16
0000071564;1;16
0001181662;1;16
0000401676;1;16
0000041739;1;16
0000671760;1;16
0000281844;1;16
0000041879;1;16
0000221970;1;16
0000492047;1;16
0000522166;1;16
0000970024;1;17
0002050115;1;17
0030490122;1;17
0040150122;1;17
0042190122;1;17
0042220122;1;17
0001900129;1;17
0001930143;1;17
0000910171;1;17
0001780206;1;17
0000400248;1;17
0000250304;1;17
0000340304;1;17
0000340374;1;17
0000340535;1;17
0000550535;1;17
0002890535;1;17
0003430535;1;17
0000100668;1;17
0000040780;1;17
0001000864;1;17
0000160892;1;17
0001150920;1;17
0000340934;1;17
0000191081;1;17
0002771081;1;17
0002801081;1;17
0000161088;1;17
0001211088;1;17
0000791151;1;17
0000971151;1;17
0001091151;1;17
0000311263;1;17
0000161291;1;17
0000131627;1;17
0000971676;1;17
0000971718;1;17
0000821760;1;17
0000911767;1;17
0001211774;1;17
0000221802;1;17
0000221998;1;17
0000251998;1;17
0000192026;1;17
0000522033;1;17
0000462047;1;17
0000072124;1;17
0000012299;1;17
0002050101;1;18
0000220108;1;18
0000880108;1;18
0028210122;1;18
0040300122;1;18
0042010122;1;18
0000670150;1;18
0000100164;1;18
0000550206;1;18
0000760213;1;18
0000070332;1;18
0001390507;1;18
0000190619;1;18
0000190661;1;18
0000520661;1;18
0000100689;1;18
0014290703;1;18
0000040794;1;18
0000550899;1;18
0000580899;1;18
0000040934;1;18
0000101032;1;18
0000881074;1;18
0002861081;1;18
0000101207;1;18
0000101277;1;18
0000371277;1;18
0000131347;1;18
0000281368;1;18
0051041515;1;18
0051161515;1;18
0001091774;1;18
0001301774;1;18
0000701795;1;18
0000131844;1;18
0000011900;1;18
0000161900;1;18
0000041970;1;18
0000041977;1;18
0000012068;1;18
0000132152;1;18
0000222208;1;18
0001032278;1;18
0001510003;1;19
0004030045;1;19
0004180045;1;19
0004480101;1;19
0003070122;1;19
0007390122;1;19
0040060122;1;19
0040690122;1;19
0040960122;1;19
0041620122;1;19
0042070122;1;19
0042550122;1;19
0001450164;1;19
0000880276;1;19
0000040388;1;19
0000820437;1;19
0000280584;1;19
0000160682;1;19
0000550731;1;19
0000400766;1;19
0000310843;1;19
0000400850;1;19
0001000850;1;19
0001180850;1;19
0000190899;1;19
0000010941;1;19
0000220941;1;19
0001000976;1;19
0000101102;1;19
0000551151;1;19
0000041186;1;19
0000041228;1;19
0000071354;1;19
0000311368;1;19
0000311410;1;19
0000101431;1;19
0000041816;1;19
0000191823;1;19
0000191865;1;19
0000221893;1;19
0000221935;1;19
0000191928;1;20
0000101935;1;20
0000131935;1;20
0000161935;1;20
0000011942;1;20
0000011949;1;20
0000131963;1;20
0000012012;1;20
0000222026;1;20
0000252026;1;20
0000312026;1;20
0000042040;1;20
0000132047;1;20
0000012075;1;20
0000102103;1;20
0000072110;1;20
0000102124;1;20
0000222131;1;20
0000372131;1;20
0000462166;1;20
0000072187;1;20
0000132229;1;20
0000102243;1;20
0000012257;1;20
0000042299;1;20
0006492299;1;20
0011232306;1;20
0000012334;1;20
0000251340;1;20
0000251347;1;20
0000101354;1;20
0000101361;1;20
0000131361;1;20
0000161361;1;20
0000191361;1;20
0000011368;1;20
0000251368;1;20
0000341368;1;20
0000011389;1;20
0000281389;1;20
0000461389;1;20
0000251410;1;20
0000281410;1;20
0000161459;1;20
0000101494;1;20
0000131494;1;20
0000221494;1;20
0000251494;1;20
0041981515;1;20
0000041522;1;20
0000041550;1;20
0000491557;1;20
0000041571;1;20
0000041578;1;20
0000011592;1;20
0000071592;1;20
0000041620;1;20
0000101634;1;20
0000281641;1;20
0000341641;1;20
0000521669;1;20
0000911669;1;20
0000011676;1;20
0000551676;1;20
0000011683;1;20
0000101683;1;20
0000221683;1;20
0000281690;1;20
0002291690;1;20
0000341711;1;20
0000821718;1;20
0000221725;1;20
0000881753;1;20
0001151753;1;20
0001301753;1;20
0000221760;1;20
0000461774;1;20
0002981781;1;20
0012221781;1;20
0015221781;1;20
0000221788;1;20
0000041809;1;20
0000161816;1;20
0009971830;1;20
0000131900;1;20
0000191900;1;20
0000761907;1;20
0000791907;1;20
0000011914;1;20
0000101914;1;20
0000191921;1;20
0000041928;1;20
0000130738;1;20
0000190738;1;20
0000220738;1;20
0000250738;1;20
0000520766;1;20
0001120766;1;20
0000280794;1;20
0000250801;1;20
0000070822;1;20
0000010829;1;20
0000220829;1;20
0000280829;1;20
0000100836;1;20
0000130836;1;20
0001090850;1;20
0000370857;1;20
0000010885;1;20
0000220892;1;20
0000220899;1;20
0000520920;1;20
0000160941;1;20
0000100955;1;20
0000130955;1;20
0000820976;1;20
0000880976;1;20
0000280983;1;20
0000070990;1;20
0000011011;1;20
0000191011;1;20
0000281011;1;20
0000401011;1;20
0006491018;1;20
0006581018;1;20
0006701018;1;20
0000011039;1;20
0000071039;1;20
0000311046;1;20
0000791060;1;20
0000071067;1;20
0000161067;1;20
0000311074;1;20
0000341074;1;20
0000641074;1;20
0000761074;1;20
0000911074;1;20
0000251081;1;20
0002021081;1;20
0002591081;1;20
0000101144;1;20
0000941151;1;20
0000131172;1;20
0000161207;1;20
0000191214;1;20
0000101221;1;20
0000251221;1;20
0000011235;1;20
0000131235;1;20
0000281235;1;20
0000011242;1;20
0000041242;1;20
0000011249;1;20
0000101298;1;20
0000011340;1;20
0000191340;1;20
0000100199;1;20
0000400206;1;20
0001600206;1;20
0001690206;1;20
0000790227;1;20
0003610241;1;20
0004300241;1;20
0000820248;1;20
0000970248;1;20
0000070255;1;20
0000190255;1;20
0000220255;1;20
0008980262;1;20
0000040269;1;20
0000220283;1;20
0000310283;1;20
0000010304;1;20
0000280304;1;20
0000070318;1;20
0000100318;1;20
0000130318;1;20
0000100360;1;20
0000010367;1;20
0000340367;1;20
0000250381;1;20
0000160388;1;20
0000070402;1;20
0000310423;1;20
0000040437;1;20
0000010444;1;20
0000010458;1;20
0000250458;1;20
0000190486;1;20
0000310486;1;20
0000370486;1;20
0001000493;1;20
0001510493;1;20
0000400535;1;20
0001600535;1;20
0000070570;1;20
0000340570;1;20
0000430570;1;20
0000550570;1;20
0000580570;1;20
0000310577;1;20
0000370577;1;20
0000130584;1;20
0000190584;1;20
0000010598;1;20
0000070626;1;20
0000280626;1;20
0000340626;1;20
0000250633;1;20
0000370647;1;20
0001510661;1;20
0000220668;1;20
0000100675;1;20
0000040689;1;20
0000010696;1;20
0000070710;1;20
0000550710;1;20
0000670710;1;20
0000160724;1;20
0000400731;1;20
0000730003;1;20
0001450003;1;20
0002260003;1;20
0000370024;1;20
0000700024;1;20
0000730024;1;20
0000850031;1;20
0001390031;1;20
0001120045;1;20
0002710045;1;20
0003880045;1;20
0004420045;1;20
0000070052;1;20
0000340059;1;20
0000340073;1;20
0000700080;1;20
0003100087;1;20
0000640101;1;20
0001090101;1;20
0002920101;1;20
0009220101;1;20
0010030101;1;20
0003220108;1;20
0003370108;1;20
0164290108;1;20
0000340122;1;20
0006580122;1;20
0013810122;1;20
0027220122;1;20
0027520122;1;20
0027580122;1;20
0028360122;1;20
0028690122;1;20
0029260122;1;20
0032080122;1;20
0033340122;1;20
0036220122;1;20
0036310122;1;20
0036370122;1;20
0036940122;1;20
0036970122;1;20
0037180122;1;20
0037270122;1;20
0037300122;1;20
0037390122;1;20
0037480122;1;20
0037540122;1;20
0037720122;1;20
0037750122;1;20
0037810122;1;20
0038440122;1;20
0038890122;1;20
0001090129;1;20
0001090136;1;20
0000430143;1;20
0001630143;1;20
0001330164;1;20
0000040171;1;20
0000820171;1;20
0000820178;1;20
0000940178;1;20
0001240178;1;20
0001300178;1;20
0001780178;1;20
0001630003;1;21
0000400017;1;21
0001570031;1;21
0000160052;1;21
0000700059;1;21
0000850059;1;21
0000580066;1;21
0001000080;1;21
0001660087;1;21
0004150101;1;21
0001540122;1;21
0022330122;1;21
0026350122;1;21
0027130122;1;21
0029170122;1;21
0031540122;1;21
0036250122;1;21
0037840122;1;21
0040090122;1;21
0040780122;1;21
0040930122;1;21
0000250136;1;21
0002020136;1;21
0000040164;1;21
0001480164;1;21
0000520171;1;21
0000190206;1;21
0000580227;1;21
0004090241;1;21
0004150241;1;21
0000250255;1;21
0000370297;1;21
0000400374;1;21
0000130381;1;21
0000040409;1;21
0000010500;1;21
0000100528;1;21
0000250542;1;21
0000070577;1;21
0000850710;1;21
0000040787;1;21
0000430920;1;21
0000281004;1;21
0006101018;1;21
0000371046;1;21
0002921081;1;21
0000191130;1;21
0000041200;1;21
0000191277;1;21
0000191291;1;21
0001031515;1;21
0000101543;1;21
0000071599;1;21
0000161620;1;21
0001361662;1;21
0000881676;1;21
0012491690;1;21
0000101767;1;21
0003011795;1;21
0000251802;1;21
0000251816;1;21
0000101893;1;21
0001632033;1;21
0072252299;1;21
0000400024;1;22
0003550045;1;22
0017770122;1;22
0027280122;1;22
0027340122;1;22
0028090122;1;22
0029140122;1;22
0029770122;1;22
0032320122;1;22
0033070122;1;22
0036340122;1;22
0036520122;1;22
0037570122;1;22
0037660122;1;22
0040510122;1;22
0041020122;1;22
0041830122;1;22
0000730227;1;22
0004450241;1;22
0000070388;1;22
0000430444;1;22
0000040521;1;22
0002260535;1;22
0003520535;1;22
0000010605;1;22
0000310640;1;22
0000070724;1;22
0000070780;1;22
0000670976;1;22
0000940976;1;22
0002261018;1;22
0006401018;1;22
0000161053;1;22
0000131081;1;22
0000221081;1;22
0001061151;1;22
0000161172;1;22
0000071200;1;22
0000071235;1;22
0000221263;1;22
0000071277;1;22
0000071284;1;22
0000671389;1;22
0000731389;1;22
0051131515;1;22
0000281662;1;22
0001871662;1;22
0000011690;1;22
0000581718;1;22
0000131725;1;22
0001271774;1;22
0003131795;1;22
0000011809;1;22
0000341844;1;22
0000071949;1;22
0000281998;1;22
0000072019;1;22
0000402026;1;22
0001002082;1;22
0000162103;1;22
0000102152;1;22
0000042187;1;22
0000220024;1;23
0001270031;1;23
0004330045;1;23
0003220087;1;23
0003460101;1;23
0027820122;1;23
0035020122;1;23
0037600122;1;23
0040720122;1;23
0041680122;1;23
0042610122;1;23
0042730122;1;23
0000490346;1;23
0000400395;1;23
0000280416;1;23
0000250437;1;23
0000310465;1;23
0000010521;1;23
0003280535;1;23
0000010556;1;23
0000160563;1;23
0000280605;1;23
0000490654;1;23
0001090710;1;23
0000100724;1;23
0000220815;1;23
0000430927;1;23
0000370934;1;23
0000190962;1;23
0000191004;1;23
0000311004;1;23
0000161025;1;23
0000281025;1;23
0000341081;1;23
0000041263;1;23
0000281263;1;23
0000761389;1;23
0000011564;1;23
0000581690;1;23
0001571753;1;23
0000761760;1;23
0001121774;1;23
0000011788;1;23
0000011837;1;23
0000011872;1;23
0000102026;1;23
0000432047;1;23
0000252145;1;23
0000102208;1;23
0000042320;1;23
0000160017;1;24
0000940031;1;24
0000490066;1;24
0000940108;1;24
0006490122;1;24
0020920122;1;24
0024010122;1;24
0028870122;1;24
0033100122;1;24
0037000122;1;24
0038410122;1;24
0040660122;1;24
0041980122;1;24
0001450178;1;24
0000790276;1;24
0000940276;1;24
0000460283;1;24
0000250416;1;24
0003400535;1;24
0000460577;1;24
0000280612;1;24
0000160626;1;24
0000130633;1;24
0000280633;1;24
0000010647;1;24
0000070675;1;24
0000160689;1;24
0000310689;1;24
0000130780;1;24
0000100864;1;24
0000130899;1;24
0000131004;1;24
0006851018;1;24
0021581116;1;24
0000011333;1;24
0000701676;1;24
0000131837;1;24
0000221844;1;24
0000401893;1;24
0000342047;1;24
0000312117;1;24
0000222145;1;24
;1;25
0000040003;1;25
0000280003;1;25
0000460003;1;25
0002380003;1;25
0000490010;1;25
0000460024;1;25
0001630031;1;25
0000490038;1;25
0002260045;1;25
0003610045;1;25
0004390045;1;25
0000220052;1;25
0000790059;1;25
0000910059;1;25
0000220066;1;25
0000010108;1;25
0024250122;1;25
0026650122;1;25
0027430122;1;25
0028900122;1;25
0028960122;1;25
0029710122;1;25
0036130122;1;25
0038080122;1;25
0038530122;1;25
0038980122;1;25
0040750122;1;25
0040990122;1;25
0041380122;1;25
0042370122;1;25
0042520122;1;25
0299860122;1;25
0001990129;1;25
0000160136;1;25
0001990136;1;25
0001510164;1;25
0000100192;1;25
0000130192;1;25
0000310199;1;25
0000580213;1;25
0000730213;1;25
0000340220;1;25
0000400220;1;25
0000610234;1;25
0004390241;1;25
0000220248;1;25
0000040283;1;25
0000010318;1;25
0000190360;1;25
0000040374;1;25
0000430416;1;25
0000070430;1;25
0000160486;1;25
0000460535;1;25
0000370549;1;25
0000130570;1;25
0000010577;1;25
0000070619;1;25
0000040668;1;25
0000430689;1;25
0000070696;1;25
0000010710;1;25
0000820710;1;25
0001030710;1;25
0001060710;1;25
0000190759;1;25
0000010773;1;25
0000010794;1;25
0000190829;1;25
0001210850;1;25
0000040871;1;25
0000070871;1;25
0000010892;1;25
0000580913;1;25
0001120920;1;25
0000310927;1;25
0000160962;1;25
0000520976;1;25
0006641018;1;25
0000071032;1;25
0000341060;1;25
0000401060;1;25
0000491074;1;25
0000041095;1;25
0006071116;1;25
0006101116;1;25
0021521116;1;25
0000101165;1;25
0000431291;1;25
0000071305;1;25
0000221312;1;25
0000251312;1;25
0000191368;1;25
0000251382;1;25
0000101410;1;25
0000161410;1;25
0000131417;1;25
0000161417;1;25
0000311438;1;25
0000131536;1;25
0000071578;1;25
0000041627;1;25
0000761655;1;25
0001421662;1;25
0000971669;1;25
0000131690;1;25
0000071746;1;25
0001421753;1;25
0000461760;1;25
0003041795;1;25
0000041802;1;25
0000221816;1;25
0000101879;1;25
0000971907;1;25
0000462026;1;25
0000162047;1;25
0000042082;1;25
0000102089;1;25
0000042152;1;25
0000252187;1;25
0000102201;1;25
0000012222;1;25
0000012236;1;25
0000072243;1;25
0000042285;1;25
0000132285;1;25
0000162292;1;25
0000252313;1;25
0000072341;1;26
0000072005;1;26
0000011858;1;26
0012371690;1;26
0000251543;1;26
0000011494;1;26
0000281130;1;26
0000161144;1;26
0000191235;1;26
0005951116;1;26
0006041116;1;26
0000700913;1;26
0000970920;1;26
0000010871;1;26
0000430731;1;26
0000250661;1;26
0001480661;1;26
0000130563;1;26
0000160619;1;26
0000250500;1;26
0000310500;1;26
0002680535;1;26
0002950535;1;26
0003550535;1;26
0000280402;1;26
0000340423;1;26
0000070374;1;26
0001390178;1;26
0041110122;1;26
0038650122;1;26
0039520122;1;26
0028030122;1;26
0029380122;1;26
0001660031;1;26
0003970045;1;26
0000130052;1;26
0000280073;1;26
0000490024;1;26
0000042236;1;27
0000072327;1;27
0000492082;1;27
0000522082;1;27
0000132096;1;27
0000071914;1;27
0000401914;1;27
0001241774;1;27
0000281697;1;27
0000071704;1;27
0000101704;1;27
0000101739;1;27
0001361753;1;27
0000731774;1;27
0000101536;1;27
0000041410;1;27
0000041298;1;27
0000011361;1;27
0000581046;1;27
0000791074;1;27
0001001088;1;27
0006251018;1;27
0000520864;1;27
0000010906;1;27
0000160773;1;27
0000130787;1;27
0000130815;1;27
0000070605;1;27
0000040619;1;27
0000010332;1;27
0000610171;1;27
0000430136;1;27
0040450122;1;27
0033790122;1;27
0034480122;1;27
0036700122;1;27
0036820122;1;27
0017200122;1;27
0001330073;1;27
0000970080;1;27
0002890045;1;27
0000072285;1;28
0000402131;1;28
0000431914;1;28
0009191781;1;28
0000251725;1;28
0000221662;1;28
0041801466;1;28
0000041270;1;28
0000401312;1;28
0000611046;1;28
0000581074;1;28
0000011081;1;28
0009371018;1;28
0000880920;1;28
0000340857;1;28
0000100885;1;28
0000160885;1;28
0000070892;1;28
0008980745;1;28
0000130773;1;28
0000220409;1;28
0000310444;1;28
0000190283;1;28
0000370283;1;28
0000340297;1;28
0001810206;1;28
0000820213;1;28
0000160234;1;28
0041170122;1;28
0041860122;1;28
0001330129;1;28
0001000136;1;28
0000850143;1;28
0040210122;1;28
0037360122;1;28
0027010122;1;28
0027400122;1;28
0003100122;1;28
0016360122;1;28
0000820024;1;28
0000192159;1;29
0000371851;1;29
0000611389;1;29
0000221508;1;29
0000551515;1;29
0000311179;1;29
0000281074;1;29
0000251004;1;29
0000040955;1;29
0002020864;1;29
0005950745;1;29
0000340829;1;29
0000490647;1;29
0000280500;1;29
0000040416;1;29
0000190465;1;29
0000400346;1;29
0000580353;1;29
0000070367;1;29
0000400297;1;29
0001210206;1;29
0038770122;1;29
0040330122;1;29
0025330122;1;29
0027070122;1;29
0001750122;1;29
0007450122;1;29
0011440122;1;29
0003820101;1;29
0004870101;1;29
0003310045;1;29
0000280052;1;29
0000250115;1;30
0001060115;1;30
0000040122;1;30
0012220122;1;30
0012430122;1;30
0016960122;1;30
0019870122;1;30
0000400073;1;30
0000820073;1;30
0000910073;1;30
0001090073;1;30
0001270073;1;30
0000520080;1;30
0000580080;1;30
0000880080;1;30
0000190087;1;30
0003070087;1;30
0003130087;1;30
0003160087;1;30
0003250087;1;30
0000430094;1;30
0000730094;1;30
0000760094;1;30
0000010101;1;30
0009070101;1;30
0009130101;1;30
0001330031;1;30
0000340038;1;30
0000130045;1;30
0001270045;1;30
0001690045;1;30
0001960045;1;30
0002200045;1;30
0003190045;1;30
0003730045;1;30
0003850045;1;30
0030040045;1;30
0000100052;1;30
0000550059;1;30
0000730059;1;30
0000370066;1;30
0000010073;1;30
0000220073;1;30
0000220003;1;30
0000550003;1;30
0000850003;1;30
0000910003;1;30
0001540003;1;30
0001600003;1;30
0001840003;1;30
0002230003;1;30
0000070010;1;30
0000100010;1;30
0000160010;1;30
0000250010;1;30
0000760010;1;30
0000010017;1;30
0000040017;1;30
0000130017;1;30
0000670024;1;30
0000910024;1;30
0001000031;1;30
0001180031;1;30
0001210031;1;30
0041710122;1;30
0042460122;1;30
0299890122;1;30
0299920122;1;30
0299950122;1;30
0000400129;1;30
0000460129;1;30
0000490129;1;30
0000880129;1;30
0000970129;1;30
0001030129;1;30
0001510129;1;30
0000910136;1;30
0001780143;1;30
0002530143;1;30
0037900122;1;30
0037990122;1;30
0038620122;1;30
0038800122;1;30
0038830122;1;30
0039100122;1;30
0039550122;1;30
0040420122;1;30
0031870122;1;30
0035590122;1;30
0036040122;1;30
0036160122;1;30
0036190122;1;30
0036400122;1;30
0036610122;1;30
0036790122;1;30
0037090122;1;30
0037150122;1;30
0037210122;1;30
0037330122;1;30
0037420122;1;30
0037450122;1;30
0027760122;1;30
0027850122;1;30
0027880122;1;30
0027970122;1;30
0028270122;1;30
0028390122;1;30
0028450122;1;30
0028780122;1;30
0029470122;1;30
0029620122;1;30
0029650122;1;30
0029680122;1;30
0024760122;1;30
0024910122;1;30
0025000122;1;30
0025240122;1;30
0026680122;1;30
0026980122;1;30
0027250122;1;30
0027460122;1;30
0027550122;1;30
0027730122;1;30
0009250101;1;30
0000340108;1;30
0000370108;1;30
0000550108;1;30
0003070108;1;30
0000130479;1;30
0000040486;1;30
0000070304;1;30
0000160311;1;30
0000040318;1;30
0000040325;1;30
0000280325;1;30
0000190332;1;30
0000250339;1;30
0000340339;1;30
0000010346;1;30
0000220346;1;30
0000280346;1;30
0000250353;1;30
0000520353;1;30
0000130360;1;30
0000040367;1;30
0000100374;1;30
0000010381;1;30
0000100381;1;30
0000580395;1;30
0000610395;1;30
0000580234;1;30
0003820241;1;30
0004060241;1;30
0004210241;1;30
0004330241;1;30
0005980262;1;30
0000070269;1;30
0000130269;1;30
0000160269;1;30
0000220269;1;30
0000070276;1;30
0000730276;1;30
0000010297;1;30
0000250297;1;30
0000310297;1;30
0001030178;1;30
0001600178;1;30
0001630178;1;30
0001660178;1;30
0000310185;1;30
0000010192;1;30
0000220192;1;30
0000040199;1;30
0000370199;1;30
0001450206;1;30
0000310213;1;30
0000520213;1;30
0000370234;1;30
0000430234;1;30
0000280150;1;30
0000310150;1;30
0000460150;1;30
0000730150;1;30
0000760150;1;30
0000790150;1;30
0003220157;1;30
0003400157;1;30
0001300164;1;30
0000010171;1;30
0000040178;1;30
0000070178;1;30
0041080122;1;30
0000010822;1;30
0000160836;1;30
0000220654;1;30
0000250654;1;30
0000400654;1;30
0000430661;1;30
0000760661;1;30
0000910661;1;30
0001420661;1;30
0000250668;1;30
0000310668;1;30
0000160675;1;30
0000010682;1;30
0000190682;1;30
0000250689;1;30
0000070703;1;30
0000580710;1;30
0000100717;1;30
0000160717;1;30
0000190549;1;30
0000610549;1;30
0000010563;1;30
0000070563;1;30
0000400577;1;30
0000250591;1;30
0003220598;1;30
0000010612;1;30
0000220612;1;30
0000010626;1;30
0000130626;1;30
0000310626;1;30
0000160633;1;30
0000040647;1;30
0001060493;1;30
0001390493;1;30
0000070500;1;30
0000730507;1;30
0001090507;1;30
0000010514;1;30
0000070528;1;30
0000100535;1;30
0000130535;1;30
0001690535;1;30
0001990535;1;30
0002170535;1;30
0002380535;1;30
0002410535;1;30
0003070535;1;30
0000760395;1;30
0001090395;1;30
0000100402;1;30
0000010423;1;30
0000490423;1;30
0000190437;1;30
0000190444;1;30
0000280444;1;30
0000400444;1;30
0000610444;1;30
0000010451;1;30
0000100451;1;30
0000070458;1;30
0000340458;1;30
0000010472;1;30
0000100479;1;30
0006131018;1;30
0006911018;1;30
0000041025;1;30
0000101025;1;30
0000221025;1;30
0000251025;1;30
0000011032;1;30
0000431032;1;30
0000041039;1;30
0000251039;1;30
0000251046;1;30
0000550913;1;30
0000400920;1;30
0000580920;1;30
0000490927;1;30
0000010934;1;30
0000070948;1;30
0000100948;1;30
0000190948;1;30
0000220948;1;30
0000070955;1;30
0000010962;1;30
0000010969;1;30
0000190976;1;30
0000220976;1;30
0000430976;1;30
0005950976;1;30
0000130983;1;30
0000010997;1;30
0000370997;1;30
0000011004;1;30
0000310836;1;30
0000010843;1;30
0000130843;1;30
0000580850;1;30
0001060850;1;30
0000010857;1;30
0000460857;1;30
0001300864;1;30
0000190878;1;30
0000130892;1;30
0000190892;1;30
0000010899;1;30
0000250899;1;30
0000070906;1;30
0000340913;1;30
0000520913;1;30
0000010731;1;30
0000040731;1;30
0000190731;1;30
0000010752;1;30
0000070752;1;30
0000340766;1;30
0000910766;1;30
0001000766;1;30
0001030766;1;30
0001060766;1;30
0001210766;1;30
0000010787;1;30
0000160794;1;30
0000130801;1;30
0000220801;1;30
0000100808;1;30
0000190815;1;30
0000071662;1;30
0000101375;1;30
0000131382;1;30
0000191382;1;30
0000041403;1;30
0000101403;1;30
0000011424;1;30
0000011431;1;30
0000041431;1;30
0000341438;1;30
0000071445;1;30
0000041466;1;30
0000161473;1;30
0000281473;1;30
0000041480;1;30
0000101480;1;30
0000041487;1;30
0000131487;1;30
0002981515;1;30
0011981515;1;30
0014981515;1;30
0020981515;1;30
0023981515;1;30
0026981515;1;30
0029981515;1;30
0000311130;1;30
0000011137;1;30
0000281151;1;30
0000821151;1;30
0000191158;1;30
0000041193;1;30
0000071193;1;30
0000011200;1;30
0000131207;1;30
0000221214;1;30
0000071221;1;30
0000191221;1;30
0000281221;1;30
0000071242;1;30
0224201256;1;30
0000311277;1;30
0000041291;1;30
0000101291;1;30
0000401291;1;30
0000161312;1;30
0000281312;1;30
0000311312;1;30
0000071319;1;30
0000101319;1;30
0000251319;1;30
0000131333;1;30
0000401046;1;30
0000491046;1;30
0000071088;1;30
0001181088;1;30
0000011095;1;30
0000311109;1;30
0021461116;1;30
0000131123;1;30
0000041130;1;30
0000371004;1;30
0001481018;1;30
0005651018;1;30
0006011018;1;30
0000101865;1;30
0000131893;1;30
0000251893;1;30
0000371893;1;30
0000461893;1;30
0000101900;1;30
0000941907;1;30
0002981907;1;30
0000161697;1;30
0000191697;1;30
0000011704;1;30
0000221711;1;30
0000161718;1;30
0000521718;1;30
0000731718;1;30
0000911718;1;30
0001001718;1;30
0000071725;1;30
0000161732;1;30
0000071739;1;30
0000311739;1;30
0000011753;1;30
0001001753;1;30
0000521767;1;30
0000611767;1;30
0001031767;1;30
0001121767;1;30
0000101662;1;30
0000161662;1;30
0002231662;1;30
0002531662;1;30
0000551669;1;30
0000821669;1;30
0001031669;1;30
0001211669;1;30
0001811669;1;30
0000911676;1;30
0001001676;1;30
0000071683;1;30
0003491690;1;30
0012131690;1;30
0012221690;1;30
0012431690;1;30
0000101697;1;30
0032981515;1;30
0035981515;1;30
0038981515;1;30
0044981515;1;30
0050981515;1;30
0000041557;1;30
0000161571;1;30
0000191571;1;30
0000101585;1;30
0000221585;1;30
0000161599;1;30
0000431599;1;30
0000101613;1;30
0000191613;1;30
0000071634;1;30
0000011648;1;30
0000101655;1;30
0000821655;1;30
0001031655;1;30
0000041662;1;30
0000042215;1;30
0000042257;1;30
0000012271;1;30
0000102285;1;30
0000042292;1;30
0000882292;1;30
0001182292;1;30
0003402306;1;30
0000012348;1;30
0000042348;1;30
0001602033;1;30
0000162068;1;30
0000072075;1;30
0000102082;1;30
0000402082;1;30
0000612082;1;30
0000702082;1;30
0000072096;1;30
0000192096;1;30
0000132103;1;30
0000042131;1;30
0000342131;1;30
0000012145;1;30
0000072145;1;30
0000162145;1;30
0000012159;1;30
0000162159;1;30
0000492166;1;30
0000102180;1;30
0000341914;1;30
0000371914;1;30
0000161921;1;30
0000221921;1;30
0000161928;1;30
0000041942;1;30
0000071942;1;30
0000161956;1;30
0000011963;1;30
0000101963;1;30
0000011970;1;30
0000281970;1;30
0000101977;1;30
0000131977;1;30
0000191977;1;30
0000071984;1;30
0000101984;1;30
0000041998;1;30
0000101998;1;30
0000102005;1;30
0000042019;1;30
0000282019;1;30
0000342019;1;30
0000402019;1;30
0000102033;1;30
0001512033;1;30
0001572033;1;30
0000371795;1;30
0003101795;1;30
0003161795;1;30
0000131802;1;30
0000281802;1;30
0000311844;1;30
0000341851;1;30
0000461851;1;30
0010632138;1;31
0000042173;1;31
0000162173;1;31
0001391753;1;31
0000341564;1;31
0000161655;1;31
0001151088;1;31
0000070717;1;31
0000580577;1;31
0000310647;1;31
0003220535;1;31
0000040451;1;31
0000130325;1;31
0004420241;1;31
0000070206;1;31
0000850213;1;31
0000700150;1;31
0041590122;1;31
0001960129;1;31
0037930122;1;31
0037630122;1;31
0031390122;1;31
0003970122;1;31
0010600122;1;31
0004270045;1;31
0000042264;1;32
0000222103;1;32
0000191914;1;32
0000401991;1;32
0000311711;1;32
0000131746;1;32
0000281648;1;32
0000971655;1;32
0000131053;1;32
0006731018;1;32
0006941018;1;32
0000460850;1;32
0001390661;1;32
0000580549;1;32
0000040514;1;32
0000520234;1;32
0000400213;1;32
0000160220;1;32
0000610150;1;32
0042160122;1;32
0000490136;1;32
0001780136;1;32
0039580122;1;32
0027310122;1;32
0027700122;1;32
0019360122;1;32
0024040122;1;32
0000280031;1;32
0000042061;1;33
0000192117;1;33
0000311921;1;33
0000071480;1;33
0001121151;1;33
0000221235;1;33
0002651081;1;33
0000281109;1;33
0002471018;1;33
0006671018;1;33
0000820850;1;33
0000280801;1;33
0001450661;1;33
0000250675;1;33
0000370689;1;33
0000430542;1;33
0000730248;1;33
0002740143;1;33
0000040129;1;33
0001840129;1;33
0039220122;1;33
0039250122;1;33
0039400122;1;33
0037240122;1;33
0028330122;1;33
0028660122;1;33
0024490122;1;33
0011470122;1;33
0003400045;1;33
0002741081;1;34
0000011046;1;34
0001270864;1;34
0000820227;1;34
0003790157;1;34
0001360136;1;34
0038380122;1;34
0036100122;1;34
0000760108;1;34
0000072194;1;35
0000012229;1;35
0000102327;1;35
0000192047;1;35
0000252047;1;35
0000102075;1;35
0000642082;1;35
0032982096;1;35
0000042124;1;35
0000132159;1;35
0000252159;1;35
0000372166;1;35
0000012173;1;35
0000041914;1;35
0000161914;1;35
0000131921;1;35
0000221928;1;35
0000851774;1;35
0000881774;1;35
0001181774;1;35
0000101788;1;35
0000161802;1;35
0000011823;1;35
0000041872;1;35
0000071879;1;35
0000881907;1;35
0000041704;1;35
0000161725;1;35
0000251732;1;35
0000221746;1;35
0001061753;1;35
0000881767;1;35
0001001767;1;35
0001091767;1;35
0001181767;1;35
0000311774;1;35
0000491774;1;35
0000131662;1;35
0001481662;1;35
0002051662;1;35
0002201662;1;35
0001871669;1;35
0001991669;1;35
0000251690;1;35
0001481690;1;35
0003071690;1;35
0047981515;1;35
0051101515;1;35
0000461557;1;35
0000011578;1;35
0000011585;1;35
0000041585;1;35
0000401599;1;35
0000131641;1;35
0000311648;1;35
0001091655;1;35
0000071375;1;35
0000281438;1;35
0000101452;1;35
0000011508;1;35
0000851151;1;35
0000011179;1;35
0000011193;1;35
0000191319;1;35
0000011326;1;35
0000551046;1;35
0000371060;1;35
0000101074;1;35
0002171081;1;35
0000191088;1;35
0000161109;1;35
0000221109;1;35
0000251123;1;35
0000251130;1;35
0000311011;1;35
0000191018;1;35
0006221018;1;35
0006551018;1;35
0006611018;1;35
0006791018;1;35
0006821018;1;35
0009011018;1;35
0009221018;1;35
0009311018;1;35
0000730913;1;35
0000880913;1;35
0000940920;1;35
0000640927;1;35
0000010948;1;35
0000310983;1;35
0001120850;1;35
0000040857;1;35
0000400857;1;35
0000130864;1;35
0001960864;1;35
0000460899;1;35
0000130731;1;35
0000100759;1;35
0000220759;1;35
0001240766;1;35
0000100780;1;35
0000190801;1;35
0000460654;1;35
0000010675;1;35
0000250682;1;35
0000010703;1;35
0000160710;1;35
0000010717;1;35
0000400549;1;35
0000550549;1;35
0000010591;1;35
0000190633;1;35
0000220633;1;35
0000130640;1;35
0000790507;1;35
0003190535;1;35
0003310535;1;35
0003700535;1;35
0000820395;1;35
0000160430;1;35
0000130444;1;35
0000160451;1;35
0000190458;1;35
0000460486;1;35
0000190311;1;35
0000010339;1;35
0000160353;1;35
0000490353;1;35
0000430374;1;35
0000190395;1;35
0000730234;1;35
0000760234;1;35
0000790234;1;35
0004360241;1;35
0000910248;1;35
0000190276;1;35
0000160290;1;35
0000220297;1;35
0001120178;1;35
0001330178;1;35
0001690178;1;35
0000190192;1;35
0000250192;1;35
0000010199;1;35
0001270206;1;35
0001750206;1;35
0000370220;1;35
0000250234;1;35
0003040143;1;35
0003100143;1;35
0003010157;1;35
0003850157;1;35
0000970164;1;35
0041410122;1;35
0041500122;1;35
0042040122;1;35
0042100122;1;35
0037780122;1;35
0037960122;1;35
0038200122;1;35
0039490122;1;35
0032950122;1;35
0002200115;1;35
0006820122;1;35
0010630122;1;35
0014470122;1;35
0024070122;1;35
0000670080;1;35
0000760080;1;35
0001240087;1;35
0002980087;1;35
0003280087;1;35
0003310087;1;35
0002830101;1;35
0004510101;1;35
0000760045;1;35
0001720045;1;35
0003280045;1;35
0003430045;1;35
0004360045;1;35
0000820059;1;35
0000880059;1;35
0000700010;1;35
0001090010;1;35
0000880024;1;35
0000310031;1;35
0000370031;1;35
0000760031;1;35
0000281886;1;36
0000011669;1;37
0001091676;1;40
0001121676;1;40
0017981515;1;45
0000191368;2;1
0000222026;2;10
0000161620;2;13
0001090010;2;15
0000370031;2;15
0002140115;2;15
0038830122;2;15
0039610122;2;15
0037600122;2;15
0003010143;2;15
0000820395;2;15
0000640416;2;15
0000130325;2;15
0000220255;2;15
0000070570;2;15
0000070899;2;15
0000130899;2;15
0000190899;2;15
0000131207;2;15
0000791060;2;15
0002771081;2;15
0006611018;2;15
0001481690;2;15
0047981515;2;15
0000012243;2;15
0000251802;2;15
0000971907;2;15
0026560122;2;16
0024220122;2;16
0037780122;2;16
0040330122;2;16
0001450164;2;16
0040990122;2;16
0002470535;2;16
0001091151;2;16
0000101319;2;16
0006221018;2;16
0000881774;2;16
0039580122;2;17
0000310465;2;17
0001270864;2;17
0006551018;2;17
0000640101;2;18
0000160052;2;18
0009250101;2;18
0037810122;2;18
0042010122;2;18
0002260535;2;18
0001091767;2;18
0040300122;2;19
0000250675;2;19
0001390507;2;19
0000520920;2;19
0000191088;2;19
0001391753;2;19
0000192117;2;19
0000191865;2;19
0001030766;2;20
0000010787;2;20
0000011424;2;20
0000011431;2;20
0000041480;2;20
0000011235;2;20
0000281312;2;20
0000311046;2;20
0006131018;2;20
0000821718;2;20
0000881753;2;20
0000461774;2;20
0000281690;2;20
0000011585;2;20
0000101613;2;20
0000101361;2;20
0000011368;2;20
0000102243;2;20
0006492299;2;20
0000012334;2;20
0000132047;2;20
0000612082;2;20
0000132103;2;20
0000222131;2;20
0000191921;2;20
0000252026;2;20
0000851774;2;20
0003161795;2;20
0000161816;2;20
0000191900;2;20
0000761907;2;20
0003130087;2;20
;2;20
0000220003;2;20
0001630003;2;20
0027970122;2;20
0028600122;2;20
0028690122;2;20
0028960122;2;20
0029260122;2;20
0027520122;2;20
0010030101;2;20
0016960122;2;20
0036310122;2;20
0036700122;2;20
0037180122;2;20
0037240122;2;20
0037420122;2;20
0037540122;2;20
0037750122;2;20
0027820122;2;20
0000010304;2;20
0001030178;2;20
0001060178;2;20
0001240178;2;20
0001300178;2;20
0000010199;2;20
0000400213;2;20
0000040171;2;20
0000820178;2;20
0000250416;2;20
0000070423;2;20
0000310423;2;20
0000010458;2;20
0000190486;2;20
0000310486;2;20
0000370486;2;20
0000010318;2;20
0000040325;2;20
0000010367;2;20
0005980262;2;20
0000190829;2;20
0000220829;2;20
0000280829;2;20
0000010710;2;20
0000550710;2;20
0000070724;2;20
0000070563;2;20
0000130570;2;20
0000130584;2;20
0000340626;2;20
0000160633;2;20
0000040647;2;20
0001000493;2;20
0000010514;2;20
0006941018;2;20
0000550913;2;20
0000580920;2;20
0000160962;2;20
0000160836;2;20
0000310836;2;20
0000460857;2;20
0000010885;2;20
0000040731;2;20
0000190759;2;20
0000370024;2;21
0004060122;2;21
0011470122;2;21
0039400122;2;21
0040510122;2;21
0000400206;2;21
0000820213;2;21
0000130640;2;21
0002020864;2;21
0000101431;2;21
0002021081;2;21
0001151753;2;21
0000101767;2;21
0000071599;2;21
0003011795;2;21
0003101795;2;21
0000371893;2;21
0004480101;2;22
0000130045;2;22
0003850045;2;22
0001450003;2;22
0027070122;2;22
0037720122;2;22
0000430444;2;22
0003820241;2;22
0005831018;2;22
0006401018;2;22
0001361662;2;22
0000400024;2;23
0028210122;2;23
0027220122;2;23
0024010122;2;23
0038410122;2;23
0000130815;2;23
0000131081;2;23
0027010122;2;24
0027280122;2;24
0035590122;2;24
0036250122;2;24
0036340122;2;24
0000010297;2;24
0041980122;2;24
0000040486;2;24
0000250591;2;24
0000341340;2;24
0000131725;2;24
0003400045;2;25
0000850031;2;25
0028870122;2;25
0028900122;2;25
0029380122;2;25
0027430122;2;25
0027580122;2;25
0006820122;2;25
0024250122;2;25
0039190122;2;25
0040600122;2;25
0040780122;2;25
0001450178;2;25
0001000136;2;25
0000220248;2;25
0001420661;2;25
0001060710;2;25
0000010563;2;25
0000010577;2;25
0000010892;2;25
0000100759;2;25
0001210766;2;25
0000101165;2;25
0000071305;2;25
0000161312;2;25
0000221312;2;25
0000251312;2;25
0000011011;2;25
0006641018;2;25
0000971669;2;25
0012221690;2;25
0000041578;2;25
0000071578;2;25
0000101375;2;25
0000012222;2;25
0027730122;2;26
0038650122;2;26
0039250122;2;26
0032080122;2;26
0036220122;2;26
0003790157;2;26
0000160689;2;26
0000880913;2;26
0000010843;2;26
0000071319;2;26
0000221081;2;26
0039490122;2;27
0000850143;2;27
0039280122;2;28
0037120122;2;28
0000190283;2;28
0000610171;2;28
0000460654;2;28
0000670710;2;28
0000640927;2;28
0000820850;2;28
0001960864;2;28
0000191081;2;28
0003131795;2;28
0028030122;2;29
0028360122;2;29
0040420122;2;29
0037360122;2;29
0042190122;2;29
0000400073;2;30
0000520080;2;30
0000580080;2;30
0000880080;2;30
0003070087;2;30
0000430094;2;30
0000760094;2;30
0000010101;2;30
0001090101;2;30
0002920101;2;30
0003820101;2;30
0009070101;2;30
0001570031;2;30
0000340038;2;30
0002200045;2;30
0003190045;2;30
0030040045;2;30
0000730059;2;30
0000220066;2;30
0000370066;2;30
0000010073;2;30
0000220073;2;30
0000310003;2;30
0000550003;2;30
0001540003;2;30
0001600003;2;30
0000160010;2;30
0000760010;2;30
0000010017;2;30
0000040017;2;30
0000130017;2;30
0000460024;2;30
0000700024;2;30
0028270122;2;30
0028780122;2;30
0028840122;2;30
0029470122;2;30
0029620122;2;30
0029650122;2;30
0029680122;2;30
0029710122;2;30
0024760122;2;30
0025000122;2;30
0025330122;2;30
0026350122;2;30
0026980122;2;30
0027130122;2;30
0027250122;2;30
0027340122;2;30
0027550122;2;30
0009130101;2;30
0003070108;2;30
0001060115;2;30
0000040122;2;30
0003970122;2;30
0012430122;2;30
0037990122;2;30
0038620122;2;30
0038770122;2;30
0038800122;2;30
0038890122;2;30
0039100122;2;30
0036130122;2;30
0036190122;2;30
0036400122;2;30
0036520122;2;30
0036610122;2;30
0037150122;2;30
0037330122;2;30
0037660122;2;30
0027850122;2;30
0027880122;2;30
0000130269;2;30
0000070276;2;30
0000250297;2;30
0000070185;2;30
0000010192;2;30
0000040199;2;30
0001450206;2;30
0000340220;2;30
0000430234;2;30
0002530143;2;30
0002740143;2;30
0000310150;2;30
0003220157;2;30
0003400157;2;30
0000040164;2;30
0000010171;2;30
0000040178;2;30
0000070178;2;30
0042160122;2;30
0299890122;2;30
0000970129;2;30
0001090129;2;30
0001330129;2;30
0001780143;2;30
0002380535;2;30
0002410535;2;30
0000250542;2;30
0000760395;2;30
0000070402;2;30
0000010423;2;30
0000190437;2;30
0000100451;2;30
0000070458;2;30
0000340458;2;30
0000100465;2;30
0000100479;2;30
0000160486;2;30
0000040318;2;30
0000160325;2;30
0000250325;2;30
0000010346;2;30
0000220346;2;30
0000280346;2;30
0000520353;2;30
0000040367;2;30
0000100374;2;30
0000010381;2;30
0000160388;2;30
0000580395;2;30
0000610395;2;30
0000580234;2;30
0003610241;2;30
0004060241;2;30
0000430661;2;30
0000760661;2;30
0000910661;2;30
0000250689;2;30
0000070703;2;30
0000580710;2;30
0000370549;2;30
0000610549;2;30
0000010612;2;30
0000070626;2;30
0000130626;2;30
0000310626;2;30
0000160640;2;30
0001060493;2;30
0001390493;2;30
0000730507;2;30
0001090507;2;30
0000100535;2;30
0001990535;2;30
0002170535;2;30
0006911018;2;30
0000041025;2;30
0000011032;2;30
0000580913;2;30
0000430920;2;30
0000490927;2;30
0000010934;2;30
0000040941;2;30
0000010962;2;30
0000010969;2;30
0000190976;2;30
0000220976;2;30
0005950976;2;30
0000130983;2;30
0000010997;2;30
0000370997;2;30
0000011004;2;30
0000370857;2;30
0001300864;2;30
0000190892;2;30
0000010899;2;30
0000250899;2;30
0000340913;2;30
0000520913;2;30
0000010731;2;30
0000190731;2;30
0000010752;2;30
0000070752;2;30
0000910766;2;30
0001000766;2;30
0000100808;2;30
0000161473;2;30
0002981515;2;30
0011981515;2;30
0023981515;2;30
0000281151;2;30
0000011179;2;30
0000011193;2;30
0000071235;2;30
0000311277;2;30
0000041291;2;30
0000311312;2;30
0000251046;2;30
0000401046;2;30
0000341074;2;30
0000491074;2;30
0000071088;2;30
0000011095;2;30
0000041095;2;30
0000131123;2;30
0001481018;2;30
0006011018;2;30
0006251018;2;30
0006731018;2;30
0006791018;2;30
0000911718;2;30
0000071739;2;30
0000011753;2;30
0001001753;2;30
0000221760;2;30
0000491774;2;30
0000101662;2;30
0000161662;2;30
0000221662;2;30
0000011669;2;30
0000551669;2;30
0000821669;2;30
0001031669;2;30
0001211669;2;30
0001001676;2;30
0012431690;2;30
0050981515;2;30
0000041557;2;30
0000161571;2;30
0000191571;2;30
0000161599;2;30
0000191613;2;30
0000161641;2;30
0000101655;2;30
0000821655;2;30
0000131382;2;30
0000191382;2;30
0000072187;2;30
0000252187;2;30
0000102285;2;30
0000012075;2;30
0000102082;2;30
0000192096;2;30
0000042131;2;30
0000342131;2;30
0000012159;2;30
0000162159;2;30
0000161921;2;30
0000011949;2;30
0000011963;2;30
0000101963;2;30
0000281970;2;30
0000101977;2;30
0000191977;2;30
0000102033;2;30
0001512033;2;30
0001572033;2;30
0000011788;2;30
0000371795;2;30
0003041795;2;30
0000131802;2;30
0000341851;2;30
0000251893;2;30
0000791907;2;30
0000941907;2;30
0002981907;2;30
0000101697;2;30
0000581718;2;30
0000731718;2;30
0031390122;2;31
0007390122;2;31
0037930122;2;31
0038980122;2;31
0040960122;2;31
0000040129;2;31
0000040451;2;31
0000010773;2;31
0000011081;2;31
0006701018;2;31
0000911669;2;31
0000760045;2;32
0028660122;2;32
0029770122;2;32
0037390122;2;32
0001210206;2;32
0000310689;2;32
0000580549;2;32
0000010647;2;32
0001061088;2;32
0000101543;2;32
0027700122;2;33
0039520122;2;33
0039550122;2;33
0037570122;2;33
0000910171;2;33
0042370122;2;33
0000490654;2;33
0000370689;2;33
0000310549;2;33
0009371018;2;33
0010630122;2;34
0037960122;2;34
0003040143;2;34
0001360136;2;34
0000340535;2;34
0000011046;2;34
0000042082;2;34
0000461893;2;34
0000161732;2;35
0001061753;2;35
0000761760;2;35
0000131662;2;35
0001871669;2;35
0000041585;2;35
0000401599;2;35
0000971655;2;35
0001091655;2;35
0000071375;2;35
0000131921;2;35
0000161802;2;35
0000101893;2;35
0000131893;2;35
0000940031;2;35
0000280073;2;35
0002980087;2;35
0003100087;2;35
0001690101;2;35
0002050101;2;35
0004510101;2;35
0001660031;2;35
0002260045;2;35
0002890045;2;35
0003370045;2;35
0003790045;2;35
0000070052;2;35
0000100052;2;35
0000700010;2;35
0028330122;2;35
0029170122;2;35
0007450122;2;35
0014470122;2;35
0023320122;2;35
0038200122;2;35
0040090122;2;35
0040690122;2;35
0035020122;2;35
0036820122;2;35
0001750206;2;35
0000400220;2;35
0003100143;2;35
0003010157;2;35
0003610157;2;35
0003850157;2;35
0000970164;2;35
0000520171;2;35
0041170122;2;35
0000400129;2;35
0000160430;2;35
0000160311;2;35
0000190311;2;35
0000010339;2;35
0000160353;2;35
0000190395;2;35
0004090241;2;35
0004150241;2;35
0004210241;2;35
0004330241;2;35
0000730248;2;35
0000910248;2;35
0008980262;2;35
0001390661;2;35
0001450661;2;35
0000700710;2;35
0000010717;2;35
0000040619;2;35
0000190633;2;35
0000790507;2;35
0006851018;2;35
0001120850;2;35
0001000864;2;35
0000190801;2;35
0000101144;2;35
0000101074;2;35
0002171081;2;35
0002801081;2;35
0000191018;2;35
0000130682;2;36
0000460577;2;38
0001091676;2;40
0000222026;3;5
0001270864;3;15
0000010899;3;15
0002171081;3;15
0036310122;3;16
0002470535;3;16
0000160689;3;17
0000280073;3;20
0003070087;3;20
0009070101;3;20
;3;20
0000040164;3;20
0001090129;3;20
0040090122;3;20
0028960122;3;20
0000010731;3;20
0000190759;3;20
0001000766;3;20
0000280829;3;20
0000250689;3;20
0000010710;3;20
0000010563;3;20
0000070563;3;20
0000070570;3;20
0000130584;3;20
0001000493;3;20
0000010346;3;20
0000010199;3;20
0000132047;3;20
0000072068;3;20
0000252026;3;20
0000191900;3;20
0000701676;3;20
0000161599;3;20
0000011424;3;20
0000161473;3;20
0000311046;3;20
0000580920;3;20
0000070990;3;20
0000520171;3;21
0039610122;3;21
0031390122;3;21
0027970122;3;21
0027130122;3;21
0010030101;3;21
0003970122;3;21
0000400206;3;21
0027580122;3;22
0002260535;3;22
0003131795;3;22
0000131662;3;22
0006401018;3;22
0038410122;3;23
0024010122;3;23
0004060241;3;23
0001450178;3;23
0027220122;3;24
0027730122;3;24
0002200045;3;25
0000220066;3;25
0001960864;3;25
0000100759;3;25
0000010577;3;25
0000222131;3;25
0000971669;3;25
0000161501;3;25
0042160122;3;26
0036340122;3;26
0000010843;3;26
0029680122;3;27
0025330122;3;27
0024250122;3;27
0000130570;3;27
0003010143;3;28
0040690122;3;28
0027010122;3;28
0006731018;3;28
0036190122;3;29
0037390122;3;29
0000580080;3;30
0000430094;3;30
0003820101;3;30
0000340038;3;30
0003190045;3;30
0000010073;3;30
0000220073;3;30
0001600003;3;30
0001630003;3;30
0000760010;3;30
0000010017;3;30
0000040017;3;30
0000340220;3;30
0000310150;3;30
0003220157;3;30
0003400157;3;30
0000010171;3;30
0000040171;3;30
0000040178;3;30
0000070178;3;30
0000040129;3;30
0000970129;3;30
0000430136;3;30
0001780143;3;30
0038620122;3;30
0038800122;3;30
0036610122;3;30
0037120122;3;30
0037150122;3;30
0037330122;3;30
0027850122;3;30
0028270122;3;30
0028780122;3;30
0028840122;3;30
0028900122;3;30
0029260122;3;30
0026350122;3;30
0027280122;3;30
0027520122;3;30
0009130101;3;30
0001060115;3;30
0000370997;3;30
0000011004;3;30
0001300864;3;30
0000190892;3;30
0000520913;3;30
0000010752;3;30
0000010787;3;30
0000100808;3;30
0000430661;3;30
0000760661;3;30
0000910661;3;30
0000010612;3;30
0001060493;3;30
0001390493;3;30
0000730507;3;30
0000100535;3;30
0001990535;3;30
0000610395;3;30
0000760395;3;30
0000100451;3;30
0000160486;3;30
0000220346;3;30
0000100374;3;30
0000580395;3;30
0003610241;3;30
0003820241;3;30
0000070276;3;30
0000820178;3;30
0000072187;3;30
0000012075;3;30
0000102082;3;30
0000012159;3;30
0000161921;3;30
0000101977;3;30
0000102033;3;30
0001512033;3;30
0000011788;3;30
0002981907;3;30
0000191697;3;30
0001391753;3;30
0000221760;3;30
0000491774;3;30
0000011669;3;30
0000551669;3;30
0001031669;3;30
0001211669;3;30
0000821655;3;30
0002981515;3;30
0011981515;3;30
0000041291;3;30
0000161312;3;30
0000221312;3;30
0000251046;3;30
0000131123;3;30
0006011018;3;30
0006251018;3;30
0006641018;3;30
0000011032;3;30
0000580913;3;30
0000490927;3;30
0000010934;3;30
0000190976;3;30
0000130983;3;30
0000010997;3;30
0000040451;3;31
0000131081;3;31
0000011081;3;31
0014470122;3;31
0029770122;3;31
0028330122;3;32
0003040143;3;33
0027070122;3;33
0000310549;3;34
0000250325;3;35
0000190395;3;35
0004090241;3;35
0004150241;3;35
0004210241;3;35
0004330241;3;35
0000070185;3;35
0000131893;3;35
0001871669;3;35
0000401599;3;35
0000971655;3;35
0000071088;3;35
0000790507;3;35
0028660122;3;35
0000970164;3;35
0003100143;3;35
0000940031;3;35
0000700010;3;35
0002260045;3;35
0000191018;3;35
0002980087;3;35
0001690101;3;35
0000222026;4;5
0026350122;4;17
0031390122;4;19
0027520122;4;19
0000191900;4;20
0000252026;4;20
0000132047;4;20
0000070570;4;20
0000161473;4;20
0000011424;4;20
0024010122;4;22
0000100290;4;23
0027220122;4;24
0002980087;4;24
0000400206;4;24
0029320122;4;25
0000971669;4;25
0003190045;4;25
0038410122;4;25
0000010997;4;25
0001690101;4;26
0000011669;4;28
0000010731;4;29
0029260122;4;29
0001600003;4;30
0000040017;4;30
0000072187;4;30
0000551669;4;30
0000101438;4;30
0002981515;4;30
0000131123;4;30
0006011018;4;30
0000011032;4;30
0000190976;4;30
0001300864;4;30
0000520913;4;30
0000760661;4;30
0000010612;4;30
0001060493;4;30
0000730507;4;30
0000760395;4;30
0000220346;4;30
0003820241;4;30
0003010143;4;30
0003040143;4;30
0003220157;4;30
0000010171;4;30
0000040171;4;30
0000430136;4;30
0036190122;4;30
0027730122;4;30
0028270122;4;30
0028900122;4;30
0027010122;4;30
0027280122;4;30
0027580122;4;30
0001060115;4;30
0024250122;4;30
0000430094;4;30
0000100759;4;31
0000190395;4;35
0002260045;4;35
0004150241;4;35
0000010199;4;35
0000040129;4;35
0000131662;4;35
0004090241;4;35
0000222026;5;5
0000070570;5;20
0000132194;5;20
0000132047;5;20
0000252026;5;20
0000191900;5;20
0000011424;5;20
0000430094;5;22
0000011669;5;23
0000400206;5;24
0027220122;5;24
0029320122;5;25
0000131529;5;27
0003220157;5;27
0024250122;5;28
0000072187;5;30
0000760395;5;30
0003820241;5;30
0000760661;5;30
0000551669;5;30
0000040129;5;30
0036190122;5;30
0028270122;5;30
0000190976;5;30
0000131123;5;30
0027280122;5;30
0027580122;5;30
0001060115;5;30
0000040017;5;30
0001060493;5;30
0000730507;5;30
0000072187;6;20
0000011424;6;20
0000191900;6;20
0000132194;6;20
0000132047;6;20
0000160304;6;20
0027220122;6;24
0000160668;6;27
0029320122;6;27
0027580122;6;30
0027280122;6;30
0036190122;6;30
0000040129;6;30
0001060115;6;30
0000190976;6;30
0000730507;6;30
0000132047;7;20
0000190668;7;22
0027280122;7;24
0001060115;7;30
0000072187;7;30
0000730507;7;30
0000040129;7;30
0000191585;7;35
0000820234;7;35
0000132047;8;20
0027280122;8;25
0000221438;8;25
0008201914;8;30
0000730507;8;30
0000040129;8;30
0001060115;8;35
0000131501;8;35
0000250731;9;20
0027280122;9;25
0000730507;9;30
0000251914;9;30
0000071130;10;20
0000700031;10;30
0000730507;10;30
0000370626;11;20
0000730507;11;30
0001121088;18;18
0027100122;21;25
0027100122;22;25
0000910206;22;25
0000910206;23;25
0000910206;28;25
0000190304;44;22
0000010416;60;24
0000220444;64;30
0000400647;93;20
0000100696;100;20
0000160696;100;20
0000100843;121;30
0000130871;125;20
0000100878;126;30
0000130941;135;24
0000161011;144;20
0000041011;144;21
0000371011;144;21
0000161011;145;30
0000101011;145;30
0000041011;145;35
0000371011;145;35
0000101011;146;30
0000101011;147;30
0000671074;154;26
0000041172;168;33
0000011277;183;21
0000431151;201;35
0000431151;203;35
0000431151;204;35
0000431151;205;21
0000071606;230;30
0000161648;236;30
0000191690;242;30
0000011886;270;30
0000101956;280;30
0000402033;291;18
0010572138;306;16
0010602138;306;30
0001060178;501;20
0000102292;999;20
